-2.114,-1.795,-3.268
-1.749,-1.968,1.749
-6.594,-0.293,-6.121
-2.091,-2.386,1.484
-1.649,-3.934,-0.659
-2.746,-2.030,-2.982
-3.756,-0.799,-5.511
1.608,-3.288,1.543
1.967,-1.680,-6.363
-5.355,-1.853,-3.790
-2.778,-1.264,-6.746
-5.249,-2.847,-2.679
1.089,-3.199,-1.582
-0.456,-2.765,-0.238
-5.032,-1.463,-5.464
-2.980,0.596,-3.384
-1.888,-2.345,-5.181
-1.009,-3.857,-1.922
-3.103,-0.309,-3.344
-4.809,0.764,-5.143
-0.118,-1.651,-5.602
1.683,-2.044,-7.335
-4.273,-2.024,-8.001
-2.959,-3.346,-2.512
5.095,-4.068,-3.129
-2.548,-2.671,-7.333
-5.346,-1.897,-1.695
-0.433,-2.880,-5.122
-2.371,-1.276,-3.096
-0.724,-2.921,-1.125
1.097,-1.827,-5.613
-1.927,-2.394,-1.177
2.138,-3.563,-5.882
-1.665,-2.359,-3.185
-1.453,-2.991,-4.515
3.776,-0.680,-3.038
-6.070,-1.895,-3.779
-0.490,-2.791,-5.714
-2.436,-1.578,-5.596
-0.704,-3.719,-4.148
-4.222,-1.945,-0.914
-0.381,-3.692,-4.583
-2.769,0.093,-0.913
-4.990,-2.110,-2.911
0.607,-1.428,-6.488
-2.339,-1.396,-4.549
-0.680,-1.985,-3.262
-2.130,-3.010,-2.167
-2.582,0.197,-3.263
5.132,-4.031,-4.292
-1.958,-2.994,-1.892
5.112,-4.680,-4.237
-3.900,1.631,-3.677
-3.212,-0.811,-1.164
-1.313,-2.353,-1.664
-2.459,1.235,-3.237
0.265,-3.025,-5.962
-0.337,-3.994,-3.755
-10.091,-0.455,1.918
-5.936,-0.557,-0.807
-0.418,-2.124,-3.377
0.655,-1.257,-2.576
-4.295,-0.137,-2.862
-1.768,-2.787,-2.863
-2.603,-0.977,-6.405
-0.895,-3.069,-4.178
-7.387,-1.362,-0.204
-0.235,-2.864,-5.700
-6.483,0.509,-2.814
-0.890,-2.343,-5.713
-2.861,-0.654,-0.454
0.285,-2.367,-3.137
-4.540,-2.365,-3.131
0.582,-2.532,-5.164
-1.882,-1.522,-3.096
-1.254,-4.299,-3.837
-2.200,-0.225,-4.309
-10.036,3.505,-3.086
-5.044,-1.865,-0.412
-1.644,-2.714,-3.504
-7.101,-0.987,-0.360
1.494,-4.457,-2.187
-3.407,-0.074,-3.932
-5.006,-2.582,-3.398
-1.058,-1.051,1.826
-3.081,-1.012,-6.220
-6.293,-0.708,-6.588
-5.883,-0.747,-1.689
-3.264,-0.978,-3.799
-4.169,-1.353,-4.323
-0.922,-1.216,-5.518
-3.560,-2.875,-3.474
7.857,-5.087,-1.727
-4.459,-3.139,-2.485
-1.147,-1.961,-3.495
-0.317,-1.909,-6.459
-9.586,0.673,-5.632
-2.946,-3.286,1.878
-6.636,-1.206,-2.433
-6.811,0.403,-4.567
-1.015,-1.106,-0.707
-0.240,-2.698,-4.069
-4.530,-2.020,0.142
-2.688,-3.275,-3.250
-4.892,-0.114,0.153
-6.876,-0.491,-4.980
0.546,-2.531,-6.160
-2.664,-2.848,-5.924
-6.127,0.372,0.046
2.555,-3.913,-4.256
-4.572,-3.298,-3.380
3.209,-2.500,-2.170
0.828,-0.923,-3.590
3.922,-4.277,-2.626
-4.003,-0.645,-4.912
-0.838,-0.341,-0.023
-1.656,-2.985,-5.917
-4.117,-0.209,-5.013
-3.955,-1.358,-3.186
-3.093,-1.231,-3.690
-3.604,-1.400,-0.875
-4.456,-0.864,-3.862
-0.042,-2.776,-4.485
-3.706,-1.614,-2.846
-2.358,-2.926,-2.699
-4.168,-2.462,-4.429
4.160,-3.316,-2.644
2.130,-2.825,-0.655
-4.402,-0.951,-3.602
-2.097,-2.449,-5.812
1.626,-0.608,-5.052
-3.331,-1.872,-1.000
-3.548,-3.239,-7.299
-2.397,-3.401,-6.143
-5.413,-1.459,-4.786
0.662,-1.691,-9.515
-1.969,-2.938,0.426
-2.476,-0.630,0.719
-4.171,0.076,-1.770
-4.287,-1.591,-0.910
-1.751,-1.762,-2.853
-2.535,-3.292,-0.994
1.622,-4.188,-2.532
-6.993,-0.198,-2.282
-0.023,-2.007,-1.468
-4.324,-1.277,-0.805
1.950,-3.057,-5.297
-7.613,0.667,-1.020
-2.326,-2.291,-0.140
-0.049,-2.905,-0.434
-0.088,-2.673,-2.489
-6.216,-0.146,-2.686
-1.561,-1.834,-4.420
-3.721,-0.871,-3.080
-5.775,-0.709,-4.841
-5.671,-0.589,-3.272
-3.075,-2.824,-5.641
0.043,-1.735,-4.458
-1.575,-1.726,-7.305
-1.949,-1.928,0.175
0.772,-1.712,-1.312
0.732,-4.920,-1.153
-2.286,-2.324,3.357
-3.948,-0.748,-7.125
-0.544,-1.803,-5.979
-1.202,-1.908,-2.884
-5.159,-1.702,-5.642
-4.013,-2.771,-4.691
0.212,-2.824,-7.998
-1.808,-3.735,-3.988
-4.141,-0.264,-1.736
-5.650,-0.889,1.053
3.079,-1.599,-3.562
-1.534,-4.575,-2.055
-6.437,-1.425,0.355
-7.965,-1.840,1.168
-3.927,-0.456,-3.564
4.124,-2.806,-5.437
1.379,-4.201,-1.497
-1.751,-2.486,1.558
2.122,-4.739,-2.186
-4.634,-0.369,-5.040
-5.674,-1.211,-3.827
-4.652,0.047,-1.070
-4.110,-1.978,-6.096
-5.428,-0.461,-0.720
-9.621,1.993,-1.118
-0.177,-1.357,-5.760
1.821,-1.664,-3.565
-2.577,-5.066,-0.880
-2.615,-0.285,-4.512
-4.143,-1.929,-1.982
-0.312,-2.103,-3.913
0.419,-3.262,-6.180
-2.639,-2.219,-0.843
0.879,-2.455,-7.121
3.431,-4.024,-7.259
0.369,-3.990,-5.953
-5.765,-0.064,2.016
-1.065,-1.475,-3.219
-6.164,0.017,-6.444
-0.447,-2.050,-5.188
-4.565,-0.235,-2.979
-5.963,-0.655,-2.933
-0.769,-1.374,-8.279
0.965,-2.253,-3.897
-2.851,-0.025,-2.261
-1.347,-2.828,-6.908
-1.728,-1.571,-5.018
0.117,-3.419,-4.269
1.562,-1.917,-3.133
-8.066,1.083,-6.184
-4.710,-2.349,-0.304
-4.650,-0.739,-5.305
-1.081,-2.868,0.418
-5.345,0.587,-0.557
-3.240,-1.676,-2.552
0.036,-1.269,-6.279
-1.297,-1.054,-3.131
1.999,-2.999,-6.387
0.133,-1.538,-7.672
-4.490,-1.348,-4.235
-1.085,-2.158,-4.076
-0.490,-2.992,-4.391
-0.808,-2.304,-2.833
-1.254,-1.498,-6.611
-1.845,-2.477,-2.571
0.719,-2.569,-0.697
-1.897,-2.456,-4.339
-3.340,-2.031,-7.429
1.415,-2.679,-1.438
2.380,-4.342,-5.411
-2.629,0.637,-2.762
1.739,-3.734,0.922
-4.393,-1.608,-1.515
-7.482,1.249,3.364
3.148,-2.788,-6.124
7.245,-5.212,-5.880
-3.624,-2.220,0.177
-4.582,-1.826,-1.606
0.448,-3.496,-3.600
-9.247,0.944,-3.066
-1.612,-2.942,-3.292
0.958,-2.418,-5.313
1.203,-2.430,-6.229
-0.620,-1.503,0.352
0.229,-1.897,-6.042
-1.814,0.209,-5.618
-1.050,-1.710,-3.157
-5.020,-1.518,-1.440
-1.905,-1.195,-6.655
-1.052,-1.382,-8.867
-1.953,-1.568,-1.214
-5.742,-0.929,-0.905
1.352,-2.573,-5.821
-1.506,-2.824,-4.138
-2.048,-1.667,-3.172
-3.815,-0.750,-1.316
-2.494,-0.312,-1.873
-2.305,0.277,-4.312
0.468,-2.740,-0.520
-9.226,0.601,0.843
-0.901,-2.842,-4.306
1.695,-3.865,-5.394
-1.949,-2.661,-1.988
-2.921,-2.629,-3.853
-4.259,-1.445,-3.889
-0.300,-2.469,-6.852
-3.883,-1.185,-0.512
-3.049,-0.867,-4.082
-7.168,-1.360,0.133
-6.257,-1.978,0.084
-2.459,-2.628,-5.131
-1.691,-1.466,-3.187
-0.322,-3.253,-1.158
-0.946,-1.403,-1.204
-2.015,-1.328,-2.145
-1.086,-2.514,-5.627
-1.976,-4.150,-5.266
-3.526,-0.181,-5.762
-3.586,-1.126,-0.606
-3.940,-1.153,-2.672
-6.118,0.411,-4.663
-0.965,-3.231,-0.215
-1.016,-4.074,-4.093
-3.349,-4.767,0.792
-0.189,-2.413,-3.227
-2.479,-0.730,-4.435
-5.606,-0.960,-6.074
3.855,-2.678,-6.085
0.002,-2.536,-3.747
-3.434,-2.388,-3.368
-0.183,-1.969,-6.617
1.883,-3.167,-5.455
-2.507,-3.137,-2.806
1.409,-3.077,-3.927
-3.117,-1.405,-3.119
-6.525,-1.486,-2.724
-3.941,-1.182,-4.705
-0.777,-3.948,-4.482
-6.795,-2.449,-5.244
-6.277,-1.259,0.140
-0.083,-1.017,-2.849
-3.067,-0.459,-1.670
-1.645,-0.341,-1.101
-0.918,-2.007,-1.848
0.013,-1.943,-6.492
-2.944,-1.013,-5.808
1.994,-4.298,-2.194
-0.838,-1.807,-3.216
-9.686,0.217,0.016
-5.692,-1.870,0.751
-8.475,1.820,-3.424
-3.270,-0.221,-6.073
-1.002,-1.494,-3.843
-0.359,-3.107,-5.791
-1.620,-2.134,-5.992
-4.060,-0.597,-2.445
-2.776,0.223,-4.859
-1.497,-1.012,-5.132
-6.205,-0.925,2.716
-2.349,-1.487,-5.862
-1.003,-2.174,-1.927
-2.793,-2.847,-7.820
1.008,-3.771,-5.817
-2.240,-2.336,-2.933
-5.851,1.100,0.893
-6.953,-1.232,-3.970
0.825,-3.554,-5.157
0.620,-2.341,-9.931
-1.874,-2.501,-2.787
-4.443,-1.275,-4.027
-3.506,-1.207,-3.704
-1.706,-1.200,-5.333
-3.371,1.231,-1.960
-1.538,-0.092,-4.532
-0.801,-0.315,-3.371
-3.950,-3.010,-4.178
2.066,-3.874,-1.533
1.001,-4.432,-2.917
-0.611,-0.337,-9.420
-2.250,-2.375,-4.185
0.639,-1.123,-4.572
-1.770,-1.322,-4.054
2.604,-4.940,-4.052
-0.253,-1.276,-4.510
0.201,-2.740,-3.012
-6.375,-1.596,-4.664
-0.877,-1.565,-5.938
-0.882,-2.223,-2.942
-0.894,-2.388,-5.884
-2.095,-2.222,-4.759
-3.235,-1.224,-2.969
1.143,-3.954,-3.837
-1.916,-2.271,-5.552
1.945,-3.299,-3.951
0.934,-2.114,-6.323
-1.367,-2.079,-6.068
-0.955,-2.877,-4.825
-1.901,-1.970,-3.116
-4.077,-0.446,-2.515
2.891,-4.496,-5.286
2.152,-1.194,-3.136
-2.930,0.864,-4.351
1.066,-3.606,-5.319
3.585,-3.368,-4.696
2.769,-2.787,-5.814
-0.400,-0.375,1.355
1.419,-3.899,-4.621
2.014,-3.150,-5.113
1.327,-2.037,-4.283
-4.892,0.390,-2.308
-2.141,-2.916,-3.847
-5.458,-1.411,-2.693
-5.457,-2.443,-4.946
-3.057,-2.016,-4.670
-2.553,-2.523,-2.694
-1.375,-1.075,-2.846
-1.723,-0.061,-1.804
-3.855,0.216,-6.487
-4.048,-0.284,-6.156
0.045,-1.827,-3.837
1.496,-4.381,0.103
-5.661,0.308,-4.631
-5.327,-2.863,-5.249
-0.953,-2.096,-4.574
-4.972,-2.606,1.395
-0.736,-0.247,1.167
-4.675,-1.642,-0.470
-7.398,-1.322,-4.338
0.314,-1.648,0.208
0.860,-1.659,-2.635
2.699,-2.894,-0.227
-2.814,-1.710,-6.823
-3.523,-1.888,3.750
1.397,-2.762,-3.117
0.458,-4.061,-1.800
-0.439,-3.016,-4.771
1.743,-2.734,-2.799
0.588,-1.399,-4.716
1.800,-3.549,-5.926
-4.950,-1.125,-3.407
-1.929,-1.176,-3.045
-2.574,-1.483,-2.476
-8.714,0.978,-4.373
-3.285,-0.968,-6.278
-2.109,-2.226,-8.361
0.539,-3.129,-1.080
-3.207,-3.891,-2.817
-2.888,-1.191,-5.989
-1.898,-2.084,-5.143
-5.568,-1.085,1.993
-1.992,-1.465,0.269
-5.427,-0.439,-2.913
7.201,-5.956,-8.062
-0.916,-2.191,-2.210
0.702,-2.500,-5.161
-6.144,-0.063,-4.401
0.979,-2.030,-2.866
1.721,-0.049,-3.980
-2.559,0.781,-3.511
-0.884,-0.877,-4.396
-2.947,0.195,-4.301
0.170,-1.734,-4.638
-7.770,-0.644,-1.629
-7.787,-1.271,-1.058
-11.669,1.229,-2.027
-2.114,-2.747,-1.989
-3.410,-2.129,-1.406
-1.628,-2.302,-1.286
-1.529,-0.980,-3.279
1.365,-4.479,-2.523
-6.135,-0.818,-5.905
-2.539,-3.272,-1.144
-1.559,-0.965,-3.235
-1.776,-2.403,-5.122
-0.932,-2.140,-6.910
0.841,-3.116,-4.000
-1.066,-3.115,-4.441
-3.246,-2.230,-2.500
3.001,-3.427,-3.138
-5.061,-0.223,-4.852
-3.924,-0.118,-0.335
-3.673,-1.563,-4.846
-0.150,-1.981,-0.664
0.168,-2.900,-6.093
-1.113,-0.798,-6.056
-2.498,-2.044,0.109
-1.043,-2.454,-6.692
-2.320,-1.505,-0.889
-2.036,-1.554,-2.107
-0.102,-1.897,-0.784
1.344,-4.473,-0.710
2.832,-4.127,-6.358
-3.581,-1.527,-5.090
-3.652,-0.033,-5.951
-3.043,-2.303,0.356
-2.862,-1.329,-3.343
1.931,-3.471,-0.075
-2.468,0.016,-4.626
0.377,-2.326,-2.032
-2.477,-2.450,-1.808
-0.345,-2.262,-4.115
-2.098,-2.903,-4.668
-5.905,-0.692,-0.352
1.130,-3.538,-6.159
-6.030,-1.391,-2.110
-2.531,0.099,-4.734
-4.384,-1.792,0.434
-7.587,0.120,-0.178
-2.130,-2.530,-2.495
-2.813,-0.323,-2.818
1.326,-2.742,-6.117
-6.918,-3.068,-3.210
-8.510,-1.639,-4.970
-3.329,-1.225,-3.578
2.170,-3.781,-4.427
-1.135,-1.041,-2.776
-0.832,-0.394,-4.022
0.966,-3.053,-4.745
-0.977,-3.985,-0.388
-3.210,-2.345,-2.792
-3.966,0.046,-3.676
-0.276,-3.360,-7.723
-3.084,-4.854,-0.490
-3.246,-1.403,-2.273
-2.845,-2.891,1.709
-1.891,-1.701,-4.412
-7.390,-0.698,-0.028
3.307,-5.580,-4.235
2.793,-5.675,-4.165
-5.965,-0.520,-3.954
-3.783,-0.286,-3.200
1.210,-2.274,-0.009
-3.949,0.085,-2.954
-1.667,-3.180,-4.732
-2.967,-0.827,-1.231
4.943,-3.756,-7.972
-5.475,-1.452,-1.043
1.048,-2.550,-5.286
-2.931,-0.967,-8.462
-0.126,-1.776,-3.385
-1.794,-3.972,-3.441
0.290,-2.735,-3.608
-1.222,-3.934,-4.950
-3.380,-1.907,-8.702
-6.103,-3.621,-5.806
-1.353,-4.679,-2.588
-3.644,-1.437,-3.129
-6.046,-0.986,-2.735
2.553,-4.782,-2.791
-3.744,-0.485,-2.791
-1.462,-2.122,-2.495
-1.675,-3.307,0.202
1.390,-2.111,-2.660
0.523,-2.178,-3.624
-5.435,0.211,-6.060
-4.213,-0.966,-5.823
-11.312,0.537,-3.048
-3.397,-2.586,-4.271
0.396,-3.248,-4.303
-0.342,-2.109,-2.884
-4.690,-0.114,-1.987
1.076,-3.163,-5.293
-3.740,-1.958,-1.542
5.287,-7.190,-7.620
0.729,-3.026,-4.765
-6.735,-0.454,-4.924
-2.591,-1.633,-4.735
1.379,-3.407,-0.382
-3.789,-1.639,-3.846
-1.414,-2.095,-2.984
-5.734,-0.459,0.677
-1.645,-2.078,-2.348
-2.869,-0.543,-2.528
-5.447,0.090,-4.701
-1.870,-1.232,-0.890
-0.185,-2.945,-2.442
-0.718,-2.177,-2.023
-0.982,-0.683,-3.738
3.869,-4.741,-9.267
-0.873,-1.169,0.339
-4.426,-1.348,-2.068
-6.855,0.243,3.043
-3.126,-2.550,-2.921
-3.885,-0.849,-2.233
-2.083,-3.090,-4.447
-2.078,-0.844,-4.332
-1.622,-2.314,-5.733
-5.852,-1.610,1.396
-3.567,-0.348,-2.786
-2.627,-1.728,-2.100
-4.339,-1.842,-2.816
-4.771,-1.361,-1.003
-6.639,-0.110,-0.392
-0.255,-2.949,-3.504
-1.872,-2.272,-5.461
1.643,-1.992,-3.646
-2.721,-2.634,-7.117
-4.167,-2.158,-1.511
-1.088,-0.868,-4.063
0.511,-2.161,-3.354
-4.868,0.772,-5.676
-0.375,-1.891,-6.248
-5.890,-0.985,-3.144
-0.143,-3.031,-4.815
-2.562,-1.785,0.774
1.627,-3.358,-6.825
-1.580,-2.447,-5.305
-0.663,-4.072,-4.155
-6.215,0.134,-1.757
1.960,-4.345,-2.713
-6.047,-1.859,-3.111
-1.866,-1.700,-0.007
-2.480,-3.518,-7.633
-2.103,-2.493,-2.716
-0.811,-2.657,-3.728
-0.333,-2.972,-1.147
-0.789,-1.315,-2.870
2.890,-5.173,-4.728
-3.660,-2.769,-2.080
0.238,-3.933,-3.286
-1.430,-2.303,-2.884
-5.149,-0.386,-2.042
-0.536,-2.491,-3.431
-0.430,-2.532,-3.663
-4.593,-2.457,-1.973
-5.353,-1.261,-2.369
-4.900,-0.865,-0.200
-6.496,0.479,-3.788
-4.948,-0.446,-7.390
-5.432,-2.491,-1.715
-5.451,-1.050,1.820
-1.349,-1.717,-1.278
-7.278,-0.420,-2.694
2.307,-2.051,-1.857
-1.245,-1.270,-5.230
0.956,-4.064,-2.994
-2.335,-1.440,-5.002
-0.736,-2.113,-6.158
1.299,-2.921,-2.872
-6.010,-0.556,-3.313
-2.268,-2.353,-1.954
-2.968,0.101,2.005
0.929,-2.411,1.873
-6.632,-1.872,-4.557
-0.609,-3.202,-7.551
-5.355,-2.390,-1.967
-4.431,-1.313,-6.744
3.641,-4.445,-3.024
-0.007,-0.701,-8.745
-1.233,-0.370,-2.827
-4.108,-0.250,-2.156
-0.730,-2.206,-3.606
-0.765,-0.580,-0.512
-0.276,-2.491,-0.719
-5.200,0.194,1.684
-5.705,-0.447,-2.843
-1.597,-2.206,-0.820
-3.282,-2.437,-4.346
1.175,-2.802,-0.998
-1.250,-3.569,-4.593
-5.604,-0.234,-6.258
-5.362,-3.230,-2.030
-1.809,-4.497,-0.788
-5.396,-0.926,-3.502
-1.637,-2.566,-5.237
-2.361,-1.127,-3.788
0.461,-4.731,-2.089
-1.973,-1.944,-6.590
2.117,-3.235,-5.143
-6.379,-0.049,-3.663
-0.999,-2.801,-4.939
1.503,-2.854,-3.149
2.407,-2.731,-5.707
-2.115,-3.361,-2.408
-2.384,-1.224,-1.100
-3.930,-1.297,-6.591
0.254,-2.790,-3.447
2.410,-3.315,-4.984
-0.942,-2.145,-0.969
-0.276,-4.016,-6.881
-5.710,-0.529,-3.353
-3.670,-1.611,-2.944
2.215,-3.178,-7.793
-2.290,-3.276,-0.349
-3.156,-0.116,3.890
-1.481,-1.860,-4.467
1.527,-4.181,-5.203
2.357,-1.603,-5.410
0.019,-2.927,-2.527
-8.185,-1.634,-1.675
-3.550,-1.104,0.248
2.616,-3.410,-5.330
-2.544,-1.061,-4.624
-2.646,-2.223,-2.083
-0.326,-1.387,-2.515
-4.305,-0.733,0.162
-5.394,-2.671,-2.825
-1.762,-3.461,-1.987
-5.218,-3.354,0.786
-0.709,-1.256,-6.004
0.603,-2.421,-5.383
-4.674,-0.792,-3.576
-0.878,-4.952,-4.072
-2.207,-2.080,-2.063
-3.213,-3.008,-2.038
-0.749,-0.866,-4.489
-2.417,-0.617,-3.186
-3.349,-2.046,-5.389
-2.563,-2.688,-2.850
1.625,-4.104,-3.187
-4.552,-0.713,4.314
-5.102,0.468,-2.683
-2.978,-2.016,-5.560
0.375,-4.207,-4.443
-2.934,-3.232,-1.555
-5.312,-3.266,-5.578
-0.066,-0.711,-0.855
4.036,-4.483,-6.392
-0.109,-2.939,-2.110
0.632,-1.448,-5.256
-8.638,-1.749,-3.845
-6.321,-1.292,-4.316
-4.572,-0.135,-1.002
-1.922,-1.864,-4.365
1.134,-2.898,-4.238
1.482,-3.218,-5.995
-5.188,-1.733,-4.788
1.643,-3.396,-2.193
1.139,-1.361,-3.929
-9.920,0.610,-0.811
-1.309,-0.621,-7.592
-5.988,-1.950,-6.542
-3.672,-3.071,1.233
-0.981,-1.537,-5.727
0.656,-2.936,-5.569
-2.116,-2.089,-2.062
-5.716,-2.495,-0.565
-4.481,-0.083,1.084
-2.298,0.121,0.732
-2.111,-2.032,-2.827
-4.680,-0.164,-2.357
-2.305,-2.374,-5.281
-0.946,-2.645,-0.694
-6.847,-1.032,-3.293
-3.718,-1.150,-5.062
-1.635,-2.206,-8.195
-3.423,-0.496,-1.030
-1.918,-2.627,-2.283
-0.939,-0.792,-4.385
-5.644,-1.568,3.486
1.679,-1.651,-4.010
-0.313,-3.089,-0.107
-3.101,-2.247,0.119
-1.397,-2.331,-2.734
-6.056,-1.747,-3.572
-4.699,-1.113,1.037
-6.930,-1.024,-6.658
-4.259,-2.619,-3.138
0.607,-1.805,-2.114
-4.265,-2.406,-3.720
-0.808,-0.529,-2.381
-2.939,-3.492,-0.786
-3.595,-2.779,-0.717
-1.995,-3.259,-1.557
1.787,-2.220,-2.321
-5.912,-1.517,1.622
-0.095,-2.727,-3.079
3.535,-2.435,-3.215
-2.169,-3.689,-2.736
-3.221,-0.962,-3.702
-3.950,-0.946,-7.367
0.171,-3.452,-1.788
-2.395,0.094,-4.554
1.666,-3.388,-4.723
-3.096,-1.852,-3.148
-3.716,-0.679,-2.391
-2.512,-1.791,-2.023
-4.644,-0.863,0.014
-5.853,-0.460,-2.232
-6.378,-3.196,-2.990
1.198,-0.421,-2.120
0.139,-2.625,0.325
-4.676,-2.218,-3.351
-1.793,-4.270,-4.375
-6.548,-2.010,-4.596
-5.417,-0.291,0.161
2.135,-3.655,-4.809
-0.465,-1.451,-6.501
-3.353,-0.825,-3.989
-5.920,-0.550,-1.060
-2.920,-1.031,-2.549
-0.823,-1.790,-1.087
-3.630,-1.759,-3.988
2.074,-5.118,-7.517
-1.725,-2.207,-2.383
0.553,-2.051,1.910
-1.976,-2.350,-2.429
-2.877,-1.906,-1.267
-2.872,-2.595,-1.898
-0.656,-0.580,-1.770
-3.811,-3.497,-3.221
-1.245,-2.825,0.076
-3.425,-2.128,-3.875
0.329,-2.740,-1.581
-6.346,-0.982,-1.636
-3.164,-3.298,-1.239
-1.895,-2.725,-1.549
-5.436,-2.880,-4.556
-1.953,-1.853,-3.009
-0.175,-3.220,-1.916
5.934,-4.601,-3.488
1.743,-2.829,-3.555
-1.084,-2.071,-2.619
-1.522,-2.216,-1.937
-3.904,-0.127,-4.765
-0.865,-0.372,-7.286
-2.737,-1.450,-1.578
-3.921,-2.170,-0.249
2.909,-3.814,-7.724
1.087,-4.073,-4.574
0.049,-1.854,-4.270
-3.590,-3.333,-4.679
-1.038,-2.116,-7.179
-5.348,-2.458,-4.803
0.953,-4.804,-7.716
-6.989,0.694,1.963
-4.475,-1.074,1.279
-1.229,-1.712,-3.132
1.712,-2.151,-4.738
-4.782,-2.090,1.000
-0.829,0.314,-3.121
-4.551,-1.518,0.855
-1.862,-2.469,-4.656
3.372,-3.715,-1.637
-5.262,-1.789,-0.405
0.912,-1.120,-2.431
-3.292,-1.513,-3.878
-5.242,-1.099,-3.489
0.989,-1.715,-4.588
-7.648,-0.263,-5.896
-2.160,-2.586,-1.352
1.026,-1.560,-2.857
0.801,-1.410,-1.733
-0.300,-1.581,-1.395
-1.965,-2.093,-4.008
-1.640,-3.363,0.635
-6.246,0.101,0.566
-2.730,-1.661,-2.520
-0.593,-3.824,-0.289
-6.208,-3.656,-2.412
-8.044,1.126,-2.148
-2.121,-2.647,-3.151
-3.053,-1.354,-0.586
-4.386,-1.974,-1.136
3.144,-3.347,-3.955
-3.297,-2.350,-2.473
-0.401,-2.205,0.046
-0.418,-3.938,-0.778
2.457,-3.475,-6.580
1.351,-4.318,-4.235
-1.117,-2.696,-6.018
-2.344,0.266,-10.040
-5.240,-2.351,0.716
-1.228,-1.551,-4.285
-3.831,-4.654,-0.093
-1.764,-2.270,-1.287
1.981,-3.803,-4.262
-3.298,-1.659,-8.279
-3.692,-2.195,-1.864
-1.621,-2.790,-4.071
0.731,-3.097,-2.681
-5.871,-1.237,-1.374
-3.872,-2.565,-0.006
-3.215,-1.239,-3.277
0.699,-1.702,-4.318
-6.072,0.897,-2.584
-0.031,-4.441,1.266
2.406,-3.999,-1.417
1.197,-2.383,-2.749
-8.948,-1.514,-5.924
0.615,-3.584,-5.122
-0.094,-3.765,-9.514
-1.942,-2.640,-4.176
-4.970,-1.534,-7.038
-2.660,-1.478,-2.772
-1.473,-0.576,-4.239
-2.696,-1.216,0.723
-3.024,-1.065,-5.500
-5.069,-1.183,0.647
-2.718,-1.932,-0.447
-3.331,-4.144,-2.686
-3.677,0.238,-4.123
-1.320,-0.793,-6.087
-0.113,-0.525,-4.812
-4.768,-1.293,-2.700
-7.010,0.443,-1.679
1.538,-4.099,-1.635
-2.617,-2.459,-2.402
-0.103,-2.914,-5.718
-2.687,-2.644,-6.197
-3.669,-1.556,-2.527
-4.472,-1.975,-2.320
-3.373,-0.751,-1.793
-2.515,-1.925,-3.132
-4.841,0.359,2.286
1.860,-2.915,-0.824
-3.552,-3.575,-2.278
-4.443,0.081,-0.514
-4.139,-1.272,-3.594
2.070,-2.834,-4.742
-5.350,-0.094,-1.874
1.098,-3.641,-4.675
-0.178,-1.863,-0.963
-0.609,-3.257,-3.829
-3.421,-2.053,-4.756
-1.078,-1.226,0.386
0.826,-2.833,-5.029
3.138,-2.714,-2.224
0.843,-0.693,1.287
-1.701,-3.585,0.287
-2.022,-1.933,-5.186
-1.148,-2.044,-3.885
-2.409,-2.489,-2.773
0.757,-3.521,-2.265
-0.205,-2.494,-3.047
-2.999,-2.712,-2.337
-5.004,-0.533,-0.636
1.985,-5.537,-5.138
2.439,-3.673,-2.243
-6.508,-0.718,-2.604
-5.653,-2.468,-7.455
-9.317,1.341,-3.388
-4.886,-1.048,1.765
2.637,-4.584,-1.726
5.381,-1.626,-3.108
4.165,-2.915,-8.160
-1.978,-2.079,-4.932
-0.829,-1.362,-2.296
0.508,-1.821,-2.018
-2.612,-2.168,-2.998
-2.078,-3.052,3.072
-4.329,-0.793,-4.155
-0.157,-3.519,0.430
0.825,-1.928,-1.368
-7.192,-0.519,-5.565
-0.758,-2.868,-1.878
-0.737,-4.411,-7.046
-2.314,-1.652,1.045
-2.618,-1.170,-2.695
0.293,-3.054,-3.345
-1.578,-0.821,-0.296
-1.665,-0.550,-2.675
-4.117,-1.282,-1.029
-0.601,-1.450,-6.225
-5.221,-1.579,-6.252
-2.118,-0.801,-3.209
-1.024,-2.697,-0.617
0.180,-2.726,-5.866
-5.245,-1.320,0.352
-7.548,-0.443,-2.368
-4.112,-0.923,-4.503
-0.057,-2.717,-6.626
-4.541,-1.999,-3.275
3.159,-2.334,-8.040
0.804,-4.132,-3.278
-0.394,-2.696,-5.859
-0.300,-3.744,-2.586
-1.301,-0.894,-3.924
-8.355,-0.929,-4.457
-4.374,-3.103,-4.740
-3.386,-0.820,-5.407
-4.878,-0.002,-3.163
0.786,-3.732,-0.787
-1.091,-1.541,-0.419
-0.534,-1.971,-3.376
-2.478,-2.363,-4.205
-7.137,-2.256,-2.425
-1.156,-3.346,-2.462
2.158,-3.192,-2.985
1.358,-2.414,-3.218
-0.847,-2.635,-6.796
-7.627,0.678,-6.734
-2.494,-2.156,-1.134
-1.019,-1.273,-0.801
0.452,-3.048,-8.131
-7.535,-0.206,-1.668
2.341,-5.151,-6.227
-1.100,-0.987,-4.379
-5.776,-1.038,1.820
-4.233,-0.221,-1.265
3.775,-4.306,-7.065
-2.168,-1.732,-5.694
0.353,-2.257,-2.873
-1.818,-1.766,-3.179
-0.275,-4.259,-1.709
-2.598,-1.416,0.683
2.620,-4.726,-6.708
-5.882,1.719,-2.209
-4.697,-1.812,-1.174
-2.956,-1.352,-2.817
-5.755,-2.190,-4.934
2.871,-4.375,-4.917
-1.744,-3.373,-4.374
-0.906,-1.260,-3.205
-5.079,-1.462,-2.662
-2.124,-3.267,-2.557
6.735,-4.606,-7.241
0.901,-3.205,-4.675
-7.718,-0.480,-0.897
-6.023,1.621,-1.920
-0.186,-1.274,-0.819
-0.362,-3.181,-1.108
-2.402,-1.960,-1.805
-2.733,-2.915,-3.007
1.779,-2.878,-6.332
-0.475,-2.687,-1.729
-4.525,-1.776,1.969
-6.151,-1.948,-0.939
4.157,-4.230,-7.796
-0.612,-2.749,-1.859
-1.513,-2.642,-0.962
-3.564,-0.740,0.738
3.453,-3.130,-3.609
-3.860,-1.452,-6.031
1.190,-1.918,-3.386
-0.664,-1.628,-0.430
1.280,-3.839,-1.340
0.723,-3.849,-4.056
-3.022,-1.804,0.549
-4.451,0.303,-2.605
-0.850,-2.036,-4.213
-4.565,-1.269,-7.533
-3.348,0.829,-3.185
-3.140,-2.217,-0.899
1.138,-3.367,-2.152
0.677,-2.205,-0.670
-2.244,-1.546,-3.572
-4.127,-1.728,-4.825
3.528,2.604,-0.942
0.589,2.870,3.385
2.994,-0.839,-0.925
4.122,0.549,3.801
1.232,2.342,3.732
2.804,0.130,2.505
2.964,1.989,5.525
3.223,3.844,4.985
-1.687,4.489,3.320
3.853,2.652,0.469
4.422,1.321,3.707
0.441,2.723,5.606
1.662,1.075,3.246
-1.359,2.856,1.232
1.309,3.502,4.614
2.098,2.308,6.989
1.242,2.243,5.628
3.676,1.593,0.773
1.061,3.545,4.733
3.957,2.125,2.407
3.201,2.739,5.563
-2.098,2.526,2.452
-0.690,2.311,3.736
0.743,2.975,1.714
0.119,2.595,4.113
3.253,3.734,3.368
1.172,1.152,8.791
1.213,4.190,0.756
-0.515,2.869,2.321
5.325,1.896,0.153
-1.995,2.839,2.895
2.126,1.704,2.291
-0.818,5.131,3.697
5.341,0.940,0.027
3.295,1.043,3.288
0.665,3.439,3.460
2.980,1.273,3.073
-0.389,0.242,4.212
1.455,2.716,1.794
5.280,-0.848,4.879
1.296,0.270,-1.563
-2.408,3.182,1.405
3.928,1.053,1.924
4.270,2.127,0.980
-2.971,3.584,5.164
1.467,2.669,2.126
4.639,1.851,7.816
-0.717,3.153,5.864
1.900,1.753,3.847
2.045,1.347,3.446
3.497,0.986,3.240
2.271,2.044,1.065
-0.981,3.194,3.425
2.528,0.885,1.630
-0.208,3.082,4.027
-2.921,2.981,7.428
3.257,1.651,2.074
2.823,1.579,2.360
2.856,0.871,4.059
2.927,1.314,5.993
8.863,-2.161,3.704
-0.783,1.662,7.113
2.428,1.509,1.886
-0.090,3.923,0.958
3.814,3.820,3.136
-1.159,2.895,5.884
4.583,0.424,-3.409
0.344,3.966,2.597
-4.333,3.395,7.039
-0.207,2.965,-0.488
-0.052,2.606,2.680
1.794,3.021,-0.343
6.546,-0.357,0.280
-1.025,2.817,5.695
5.830,0.691,1.601
6.000,2.756,-1.300
2.584,2.436,6.259
4.884,-0.918,0.571
2.731,1.629,5.258
6.182,-0.224,2.849
2.273,2.385,5.374
-1.870,1.682,1.553
2.698,2.367,3.588
2.993,1.247,0.416
4.409,1.524,2.106
0.705,2.295,4.328
-2.577,4.361,6.983
0.817,2.830,7.095
-0.451,2.893,6.525
3.787,0.375,-0.753
1.368,2.486,0.239
-3.601,3.926,7.701
2.134,1.578,4.878
6.388,1.757,4.149
7.722,2.044,5.412
-0.964,2.765,2.276
1.308,2.036,6.338
3.338,-0.348,1.321
3.043,1.766,2.212
1.947,2.172,2.933
-1.782,3.633,1.039
4.690,3.120,4.787
4.730,1.913,2.575
1.022,1.926,-1.600
4.340,0.956,5.305
2.482,1.572,-0.662
7.294,0.018,3.417
1.469,1.015,-2.350
1.495,1.335,2.998
5.301,0.053,-0.914
1.215,2.205,2.628
4.492,1.730,-0.388
5.162,0.336,5.091
3.134,2.583,3.592
0.379,0.520,5.215
0.215,1.510,2.845
4.769,0.375,0.566
-0.421,2.747,-2.067
-2.002,2.778,4.306
0.926,2.104,-0.225
2.149,3.480,0.905
-1.136,2.605,6.365
5.521,1.595,-1.384
8.346,0.400,0.895
3.990,2.075,2.398
7.942,0.088,1.564
7.373,1.232,2.663
1.575,4.797,4.030
-0.858,3.278,1.691
1.462,2.807,2.732
1.659,2.699,-0.165
4.441,2.538,3.294
0.055,3.359,3.949
4.634,0.804,2.932
5.249,1.296,-1.194
1.748,1.788,1.278
1.869,1.469,2.402
-0.545,4.344,6.109
0.753,1.396,2.066
-2.533,2.438,4.763
2.524,2.045,4.906
7.334,0.763,5.776
4.846,1.796,6.496
3.561,4.070,2.945
-1.443,3.300,2.781
-2.133,3.495,4.797
2.385,0.310,2.400
2.124,3.070,0.832
2.017,2.116,3.037
-1.111,1.106,2.368
2.163,2.652,4.983
-0.527,1.359,3.313
-1.552,4.093,2.986
6.063,2.136,0.684
2.487,4.109,4.973
3.788,0.498,4.777
0.959,4.351,2.741
-2.776,3.434,3.186
2.490,2.975,0.242
2.780,2.439,2.064
4.323,0.695,1.445
4.252,0.705,1.217
3.673,0.135,2.994
2.100,3.664,-2.589
0.662,2.565,3.029
1.434,2.091,0.499
-0.102,1.765,6.026
1.767,3.860,3.852
-0.114,3.832,4.870
-1.574,2.352,6.751
-0.006,3.973,4.374
-3.521,4.575,5.322
3.642,1.136,6.882
1.328,2.827,3.732
7.881,0.125,2.177
8.697,0.912,3.131
1.306,3.345,2.411
3.355,2.080,2.460
4.535,2.370,0.196
1.949,2.351,4.542
5.097,1.500,2.331
2.762,0.870,4.761
-1.754,2.936,0.460
5.725,-0.073,6.657
3.122,1.089,5.653
1.393,1.480,6.640
0.172,4.601,3.952
4.948,0.366,2.950
-1.705,4.048,5.002
0.947,1.284,5.371
6.494,0.768,3.005
1.583,1.653,-0.697
-0.367,0.957,-0.780
1.211,2.174,6.293
0.866,2.701,4.148
0.374,1.440,2.636
0.501,2.746,5.316
4.999,2.154,0.165
1.372,2.355,0.760
2.832,3.055,4.271
3.704,1.085,1.682
6.005,0.337,2.029
2.202,4.814,6.293
3.309,2.168,3.378
-0.571,2.676,2.769
0.201,2.088,2.964
1.470,2.710,3.277
6.144,-1.083,6.268
-0.000,2.298,5.908
2.307,3.302,2.757
1.057,1.854,2.064
1.375,2.623,2.477
-2.897,5.583,1.317
4.503,3.419,2.137
3.682,1.163,0.875
-1.633,1.853,4.897
5.152,1.636,-4.920
2.533,0.687,4.232
1.172,1.992,5.658
4.297,2.120,3.831
4.893,-0.378,-0.488
4.236,1.009,6.158
2.947,0.244,5.624
0.970,1.620,0.866
3.576,2.999,3.996
-0.934,3.025,5.507
0.570,1.456,3.603
1.785,2.606,0.764
-0.745,1.180,-2.164
1.315,3.045,5.323
2.150,1.047,3.364
5.193,-0.124,-1.811
3.659,1.884,2.497
0.742,2.282,3.171
-1.095,2.638,2.481
2.905,2.149,3.728
-2.617,3.244,7.658
0.693,2.021,3.842
0.824,3.042,9.328
8.531,-1.925,6.085
4.170,-1.635,4.282
2.553,1.426,4.031
-2.146,4.450,2.945
2.721,1.570,4.226
0.806,2.289,2.711
8.424,-0.731,3.810
4.773,0.633,5.760
1.499,1.812,-0.821
2.555,3.479,-2.083
2.188,4.111,2.744
1.582,3.735,2.193
-1.299,2.934,7.395
-0.392,2.918,10.535
5.580,1.805,0.222
1.146,3.421,5.580
8.995,0.423,0.186
-1.943,1.395,3.346
-1.988,3.152,5.221
-0.982,3.399,3.978
4.229,0.756,3.491
3.575,2.861,4.315
0.682,1.965,0.592
2.395,0.024,5.545
7.774,0.078,0.921
-3.361,3.785,4.351
0.484,2.529,5.194
2.090,0.967,6.791
7.627,-0.039,-0.221
1.423,2.329,3.759
4.739,1.633,-1.657
0.534,3.751,7.572
6.503,1.041,0.402
2.171,1.420,6.179
0.602,3.458,4.093
4.794,0.960,5.068
2.366,3.160,0.581
2.462,2.300,-0.232
4.499,3.061,1.591
0.084,-0.458,4.615
0.041,2.412,3.350
4.462,3.378,2.404
1.364,1.509,5.309
5.754,4.176,0.804
3.828,2.811,1.563
-0.447,1.114,4.545
3.484,-0.242,8.354
-0.799,3.040,5.571
-0.013,2.200,5.039
2.807,1.189,3.316
4.156,0.880,1.142
-0.265,2.726,3.323
1.841,1.416,7.427
1.446,1.139,-1.686
2.507,0.298,3.525
-0.026,2.517,2.757
2.087,3.165,3.612
2.101,1.231,3.768
4.684,0.317,3.772
-0.203,1.259,7.979
-2.449,2.530,5.555
5.079,0.726,-0.794
2.423,0.420,5.707
7.815,0.087,1.753
0.752,2.703,1.860
5.955,0.194,4.315
-1.179,2.080,3.372
3.202,2.461,4.394
-1.030,3.351,5.001
5.598,1.117,2.941
-0.724,2.877,4.994
4.269,1.594,0.110
3.883,-0.163,-0.292
0.852,0.526,5.431
3.608,1.770,2.369
-0.778,3.227,2.717
3.396,-0.007,2.141
3.973,2.344,4.426
4.633,-0.477,1.832
4.488,1.727,2.391
0.025,3.809,3.583
7.908,1.366,3.541
2.581,3.025,7.327
2.952,3.675,0.802
5.166,1.208,0.754
-0.280,2.731,-1.736
4.483,2.004,5.398
-0.935,3.451,7.823
5.187,1.568,0.454
3.675,0.405,3.081
2.111,2.661,0.999
1.516,3.764,5.578
1.205,4.976,-2.683
1.014,2.637,0.477
-1.171,1.405,2.751
2.941,2.291,3.819
-2.174,3.531,3.089
-2.451,3.241,8.868
0.504,1.268,-0.693
2.662,2.605,4.525
-0.079,2.517,5.256
3.564,1.876,3.387
7.513,-0.643,-2.114
0.844,0.629,2.283
3.146,1.651,2.812
3.024,2.155,4.342
-1.902,3.312,3.639
-1.506,2.445,7.537
-0.488,1.721,5.059
2.147,1.343,3.350
2.953,2.139,3.025
-0.954,2.252,2.570
2.481,1.066,1.533
-1.381,3.923,6.794
-0.750,0.995,4.977
5.225,2.013,-0.633
1.023,1.737,3.575
-3.308,2.028,3.771
-1.195,3.297,4.070
2.624,2.280,2.930
-2.868,3.457,4.840
5.718,1.302,5.268
-1.754,2.783,4.830
1.563,3.128,6.891
0.749,0.932,1.676
6.436,0.417,-0.229
-0.532,2.924,5.888
-1.128,3.387,2.917
-1.607,2.287,4.897
2.570,1.631,2.303
3.402,2.420,7.360
3.765,0.130,0.361
2.982,1.844,4.527
2.235,1.698,5.728
8.307,-0.295,3.801
7.027,1.324,1.257
5.400,2.553,3.061
4.024,2.551,4.163
5.664,1.882,3.383
-1.290,1.877,6.133
4.217,-0.332,3.535
4.440,1.184,3.270
3.073,0.044,2.290
2.328,1.476,1.959
0.903,1.678,2.658
1.761,1.603,6.182
0.338,0.937,4.450
0.047,3.281,3.550
1.846,2.703,3.892
0.007,1.115,3.396
-4.207,4.078,7.079
-2.144,2.959,2.619
6.386,1.326,3.425
4.238,0.216,3.834
3.011,1.056,1.129
3.342,0.676,3.103
-0.943,2.748,4.328
-3.962,3.424,4.751
0.844,2.135,6.927
0.882,2.339,3.345
5.756,2.067,-4.886
-1.724,4.506,5.336
0.468,2.515,4.148
6.922,1.250,4.139
3.260,1.981,4.331
1.131,0.691,3.040
-1.697,3.213,4.407
5.351,2.265,-0.337
1.217,2.868,0.201
4.848,2.886,4.078
3.163,1.065,-2.686
1.373,2.730,5.843
5.827,1.469,-2.176
2.927,2.537,-0.364
4.828,0.728,2.258
6.084,1.046,3.167
1.418,2.831,4.221
-2.676,3.666,2.980
0.567,3.494,5.222
4.012,1.654,3.544
7.868,-0.264,5.466
3.881,0.177,4.190
-0.927,2.500,0.346
1.970,3.177,4.672
2.440,3.701,2.940
-3.548,1.984,6.795
11.031,-0.015,-0.066
3.800,0.640,2.135
9.001,-0.828,7.706
1.449,1.882,8.070
3.459,2.338,2.690
-4.457,1.741,5.117
-1.901,2.856,2.955
3.236,0.022,2.589
-0.457,1.724,5.683
1.339,1.943,6.336
1.229,1.909,5.563
5.960,1.226,3.943
5.203,0.034,-0.698
-1.280,3.485,0.261
3.882,2.664,3.548
1.037,1.663,4.334
4.616,0.849,0.511
1.630,1.700,4.553
1.572,3.373,2.473
0.027,3.096,6.040
0.506,1.605,1.613
-0.501,2.666,3.470
5.422,1.810,3.930
-1.940,2.299,4.266
2.308,2.586,0.662
1.199,1.848,5.019
3.569,1.281,0.867
5.521,0.178,2.209
3.500,-0.844,7.242
-0.516,0.913,5.117
4.354,-1.160,4.255
1.873,1.596,4.868
-1.117,3.187,2.837
3.464,1.148,3.434
6.891,1.306,3.690
6.667,0.673,4.007
0.271,2.365,2.998
2.105,2.379,2.995
2.348,2.707,0.412
-0.249,2.044,2.842
4.753,2.074,1.650
2.244,4.736,3.027
3.034,2.390,3.843
2.697,1.487,-0.086
5.411,2.694,-0.629
-0.590,1.508,5.451
-3.937,4.318,7.140
0.016,1.971,4.812
-0.710,2.451,2.124
2.200,0.526,7.680
3.072,-0.103,0.487
1.229,2.716,4.041
2.308,1.598,4.287
4.166,0.973,3.068
3.505,1.865,2.970
0.936,2.527,2.657
6.026,-0.613,5.382
3.793,-0.834,1.908
-5.425,2.801,7.357
0.778,2.316,2.899
-1.670,2.147,5.617
0.800,2.127,6.692
0.703,3.526,-1.748
3.130,0.775,3.788
-3.724,4.183,1.283
-0.343,2.010,2.740
1.754,1.517,3.356
6.461,0.072,5.385
0.897,3.256,1.994
1.245,1.013,3.665
5.886,0.834,4.417
3.212,1.502,5.430
0.297,3.862,2.285
0.807,0.903,8.259
3.603,1.556,3.589
5.223,1.199,4.353
3.287,1.914,4.586
3.608,2.968,0.984
-2.854,5.106,3.752
0.828,2.889,1.256
2.204,2.780,-0.577
0.672,1.030,1.956
3.373,1.394,2.820
7.947,-0.004,4.340
2.732,3.035,3.016
2.201,1.551,3.855
2.521,1.145,2.864
1.882,1.168,2.527
5.661,-0.840,4.745
6.034,0.876,2.610
1.788,0.799,0.442
10.086,0.162,1.760
2.864,2.120,6.010
2.956,0.944,-2.193
0.795,1.697,3.260
2.259,0.281,0.091
-1.549,1.563,7.601
-2.905,4.186,3.792
-3.946,3.991,1.968
-0.546,2.059,4.988
4.913,1.392,5.834
-0.374,3.088,2.698
5.953,2.159,1.672
1.222,2.230,2.513
1.110,2.479,5.999
0.167,1.734,1.300
3.372,1.137,5.202
-2.382,2.131,3.226
4.345,1.937,4.405
3.892,1.095,-0.121
2.350,1.919,6.006
-1.056,1.208,4.079
3.672,2.850,4.717
0.547,2.349,4.764
-2.866,4.421,0.511
3.322,1.578,1.526
2.393,2.375,2.205
-0.800,3.200,3.165
0.641,1.560,2.139
3.634,3.139,4.307
5.147,0.906,0.396
2.203,1.601,0.097
0.585,1.935,4.613
-2.150,5.424,3.717
1.290,2.239,4.892
0.515,2.569,5.759
-0.217,3.020,4.816
2.562,1.461,6.523
0.405,2.844,5.390
3.214,0.429,1.514
3.997,2.482,4.413
3.769,1.669,6.959
0.793,3.976,0.064
2.077,2.123,1.176
3.037,3.168,8.358
-0.489,2.170,2.608
4.985,1.221,-0.759
-1.848,3.590,1.955
0.265,1.873,4.958
2.970,1.265,2.207
6.392,1.899,0.938
3.447,2.551,-1.423
2.523,0.936,-0.215
4.236,2.340,3.236
5.490,-0.801,3.819
-0.733,3.079,1.716
2.844,1.273,-2.649
2.065,4.396,2.616
5.542,-1.709,2.503
5.931,-0.026,6.925
2.788,3.104,10.046
-1.693,3.712,2.412
2.116,1.544,2.781
2.931,0.972,4.800
0.135,1.373,3.089
1.812,1.317,2.179
0.877,1.621,5.479
-0.930,3.915,6.790
2.553,2.464,7.189
-1.095,1.652,9.013
1.401,4.479,5.100
1.398,2.496,2.219
1.288,2.338,1.762
3.707,2.812,-0.312
2.985,2.887,-0.280
5.288,1.768,1.034
-0.041,4.322,1.257
0.043,3.952,5.131
2.957,1.211,1.963
1.433,0.994,3.506
0.567,3.110,5.137
2.741,2.401,0.114
2.671,2.344,3.547
7.040,1.022,5.243
6.208,0.935,-1.173
0.281,3.768,2.949
-2.907,2.900,4.114
5.374,-0.815,0.063
5.556,1.286,-0.711
4.503,0.897,4.590
0.196,1.212,3.096
5.511,0.076,-2.199
6.024,-1.793,-0.483
2.138,3.164,3.715
3.434,0.944,3.849
5.674,1.898,1.227
2.478,0.649,2.592
1.443,2.620,3.305
2.389,1.026,4.380
4.095,1.076,3.172
4.224,0.514,2.968
-0.434,2.486,4.502
-0.788,3.185,-0.703
-3.619,2.645,5.188
0.992,3.052,5.677
-1.107,3.318,7.295
8.967,0.295,4.118
-0.515,2.874,7.232
4.465,1.701,0.594
1.921,0.444,-1.329
-2.659,3.632,2.107
3.445,2.660,4.303
-4.143,4.311,10.906
-0.728,3.757,2.850
-2.864,3.869,3.696
0.659,3.496,2.194
5.385,0.009,7.441
0.700,1.072,3.564
0.511,0.928,2.796
-3.062,2.450,3.861
7.481,0.565,1.864
4.824,0.651,2.376
0.872,3.424,3.456
2.298,2.231,3.023
4.962,1.799,2.801
2.468,1.848,3.238
0.094,1.992,0.171
0.058,3.863,6.910
7.721,2.216,1.349
6.999,1.133,-2.844
0.514,3.512,4.312
4.977,0.951,3.381
-3.732,2.808,4.721
1.913,2.640,6.616
-2.035,4.621,7.142
5.185,1.354,5.533
1.885,3.069,0.931
-1.630,3.790,4.427
1.349,2.946,-0.202
1.103,2.976,3.969
6.608,0.442,3.829
-6.405,4.303,5.946
1.058,0.727,5.419
5.390,0.616,-0.642
0.375,1.834,0.425
7.989,0.648,2.845
5.264,0.233,5.541
-0.848,2.780,1.463
0.270,1.124,1.281
-0.328,1.302,4.666
0.102,4.902,1.069
2.289,1.424,6.558
-4.479,4.860,-0.627
-1.332,3.509,-0.214
8.463,0.074,-0.192
-0.520,2.033,-1.823
2.152,2.859,2.914
-1.290,5.080,3.109
2.902,1.429,2.891
0.776,3.658,7.085
3.081,1.607,6.168
10.956,-0.089,-0.136
4.220,2.188,-1.799
3.473,0.045,0.514
-0.696,3.758,4.485
6.444,0.729,-0.500
3.826,2.062,7.170
-0.009,1.580,4.270
-0.905,3.722,5.912
-1.606,4.301,2.166
-0.630,1.838,0.234
9.777,0.871,1.970
3.596,-0.117,0.294
-2.857,2.775,4.605
7.664,0.592,2.768
-1.325,3.897,-2.136
5.567,-0.122,0.642
0.461,3.188,5.068
3.674,0.062,7.187
2.242,3.663,4.457
-0.364,3.308,0.645
8.034,-0.984,1.057
2.215,0.197,6.559
1.216,2.705,0.722
-2.216,1.589,5.806
-0.481,4.731,4.502
-0.351,3.427,2.596
2.266,1.462,5.832
-2.367,2.803,0.187
2.009,3.972,2.192
-3.418,3.317,7.226
5.160,0.385,-3.486
3.645,1.380,-1.146
1.331,1.765,5.300
-0.071,4.333,2.390
5.271,0.063,6.156
4.379,2.374,5.515
-0.872,4.815,0.153
5.205,1.311,-1.480
-0.806,3.955,6.933
-4.049,2.884,6.629
-7.417,3.053,6.175
0.347,1.927,2.451
-3.648,2.933,5.714
2.062,0.903,7.023
11.010,-1.227,-0.690
8.302,0.633,3.751
2.619,0.280,1.403
4.410,1.079,2.870
0.965,2.156,-2.846
2.064,2.362,2.711
3.882,2.122,5.764
3.694,1.153,6.797
3.098,0.330,0.806
3.174,3.113,6.338
3.451,0.414,0.059
5.078,1.899,2.807
0.387,2.956,6.512
-0.502,1.379,6.078
3.004,1.548,4.222
-2.935,3.684,6.363
2.858,1.553,4.732
0.897,1.521,7.136
5.601,1.140,2.032
0.391,2.824,5.886
1.805,1.097,7.370
7.529,0.605,0.555
2.246,0.597,1.756
5.554,2.010,-1.479
4.576,1.944,3.605
3.589,1.602,3.253
4.071,1.862,1.233
2.302,1.530,4.316
1.178,2.994,1.815
-0.265,0.500,2.370
3.286,0.064,5.836
3.515,3.361,6.593
2.961,3.270,1.910
6.885,0.825,2.956
3.157,0.827,2.828
5.822,3.051,3.754
0.645,4.308,6.368
6.449,-0.116,4.148
-7.218,4.208,3.279
3.748,2.807,7.386
5.554,0.768,3.565
5.422,0.773,7.711
-2.482,3.818,5.875
-0.271,1.089,6.860
-0.298,1.429,7.888
2.340,0.960,1.739
2.152,2.276,-0.407
4.279,-2.993,1.733
0.897,1.533,2.335
-0.551,3.287,4.159
5.119,1.077,4.032
3.263,2.470,3.185
-2.578,2.015,3.922
0.406,2.229,4.013
-1.517,3.051,3.928
4.646,1.387,5.052
2.921,2.395,0.617
3.599,2.066,2.704
-0.647,1.457,1.932
2.789,2.509,2.157
-0.529,1.550,8.547
3.766,0.656,0.792
7.141,0.858,2.823
2.786,1.318,2.718
7.311,0.793,-1.070
5.869,0.191,2.415
-0.853,2.334,5.046
5.978,1.039,3.041
1.891,3.532,4.397
3.510,1.840,7.282
3.212,2.081,3.443
1.731,2.377,0.881
0.204,3.265,6.838
3.446,0.788,1.074
0.210,1.824,2.526
-0.586,2.240,2.942
5.466,-0.873,1.604
1.346,1.395,2.847
-2.812,3.413,4.634
2.358,2.627,3.060
-2.952,2.553,8.688
5.931,0.820,7.760
-0.694,2.414,6.110
5.432,-0.824,2.596
2.694,2.114,8.362
3.388,1.264,3.143
-4.474,2.511,2.845
-0.362,4.850,4.773
-2.003,3.376,7.218
-5.171,2.496,3.099
5.055,-0.602,-2.646
3.326,2.474,3.922
-1.568,4.263,8.259
6.422,0.221,3.545
-1.365,4.802,6.488
2.107,1.548,3.638
7.991,-0.010,3.640
-0.075,1.211,5.118
-2.706,1.919,0.534
2.931,1.385,0.203
3.650,2.889,4.715
0.229,4.048,0.407
3.376,2.283,4.695
4.410,0.777,2.898
-1.591,3.953,1.507
4.775,1.590,-0.020
3.128,1.960,2.021
0.723,2.328,2.879
-1.443,2.405,3.206
-2.780,2.970,3.755
4.656,2.358,0.542
5.994,2.376,3.643
3.258,0.446,6.932
0.626,0.497,2.623
2.850,0.766,7.076
3.480,2.586,-0.137
1.273,2.709,5.638
0.612,4.111,5.160
-1.537,3.317,-1.404
2.197,1.190,2.696
0.028,1.887,2.167
4.496,0.978,4.863
7.585,1.640,6.478
-0.855,3.604,1.867
2.286,0.975,3.351
3.114,-0.478,3.018
0.948,1.037,6.270
1.980,1.101,2.031
5.055,1.386,3.357
-3.146,5.285,4.381
2.244,0.732,3.426
3.974,1.492,2.174
2.904,0.353,4.822
2.134,2.652,-1.122
5.971,1.279,2.229
6.830,-1.043,1.172
3.142,1.649,-2.967
2.475,2.563,1.132
-1.752,2.814,2.808
5.889,0.389,5.719
1.201,4.103,6.621
-1.016,2.200,-0.164
1.924,2.890,-0.937
4.334,1.521,2.619
4.695,1.862,5.342
1.184,2.059,4.255
2.127,1.445,3.147
-0.517,3.409,2.194
2.609,2.390,3.550
-0.152,2.068,5.113
6.765,1.021,-1.137
5.837,1.234,1.865
1.093,1.121,5.052
7.390,-1.101,-1.105
5.486,3.335,2.453
4.612,1.401,4.665
1.562,1.480,2.381
3.714,1.691,5.162
1.677,1.732,3.580
0.946,3.402,-0.622
0.269,1.102,-1.814
2.086,2.309,3.330
7.506,-0.772,1.530
4.109,1.175,1.513
2.768,1.299,3.336
4.873,1.105,6.111
4.294,-0.764,2.608
5.609,-0.746,0.991
3.314,1.750,-2.047
2.742,2.009,3.984
3.325,0.693,4.256
6.239,0.511,3.640
2.031,0.853,0.655
4.337,-1.127,-0.177
0.147,1.874,5.316
1.091,3.629,4.311
-0.178,2.144,2.903
4.007,0.869,2.915
4.881,2.500,-2.341
-0.516,0.854,1.018
3.133,-0.535,6.726
1.925,2.684,3.508
2.519,2.156,1.388
4.377,0.195,0.717
0.627,0.521,3.586
3.069,0.741,1.658
2.661,-0.300,0.405
-1.227,3.242,6.408
1.068,0.772,4.743
5.996,-0.266,-0.446
2.078,1.978,2.256
1.843,2.718,3.048
1.365,2.519,3.873
0.813,3.634,6.899
1.182,3.505,1.757
3.574,0.833,-0.780
7.452,0.906,-0.442
0.347,3.324,3.978
-0.704,2.680,5.561
2.799,3.393,1.992
1.394,0.575,4.214
0.449,3.690,1.888
3.879,1.757,3.259
6.098,1.578,3.442
-1.923,5.545,4.239
3.933,1.383,0.349
1.464,3.440,1.120
0.369,2.421,6.261
3.601,1.509,1.158
3.950,3.445,4.624
-1.327,0.725,0.991
-1.581,4.992,0.565
5.108,-0.024,5.671
3.908,1.264,1.635
-1.380,3.534,3.884
5.530,2.022,3.710
0.351,3.047,2.893
7.676,-0.865,0.903
3.449,1.500,3.288
4.497,2.797,0.532
4.832,1.340,3.470
-1.838,2.366,3.607
3.072,2.203,2.024
0.724,2.827,0.533
-3.270,3.942,0.014
0.812,4.969,2.969
3.359,0.008,2.304
4.927,0.279,4.164
0.696,2.223,7.545
1.548,-0.875,4.459
6.922,0.479,2.923
-3.080,2.040,7.804
4.974,1.193,1.882
2.298,1.572,1.889
-0.609,3.453,9.025
1.297,2.152,3.120
4.296,1.730,3.420
3.352,0.470,5.371
-3.426,1.033,1.087
-1.319,3.797,4.133
5.181,0.809,-0.939
3.159,0.131,3.079
-1.744,4.778,5.742
-0.111,4.263,1.811
-1.002,3.569,5.735
-3.366,4.566,2.344
0.036,2.059,-1.126
0.877,1.243,5.144
2.052,1.522,3.090
8.756,0.486,-0.264
2.026,1.637,4.609
3.456,0.739,3.979
3.046,-0.652,8.066
0.720,3.083,1.688
0.495,1.379,2.833
2.777,3.030,3.758
2.344,2.980,3.841
-4.539,4.724,5.511
5.962,-0.154,3.317
2.123,1.025,3.798
-1.135,1.280,2.622
0.670,2.696,-0.525
-3.499,2.125,5.755
-3.208,4.325,1.958
2.805,3.571,6.602
0.821,2.210,4.672
0.222,3.348,6.108
-0.717,3.149,5.433
0.730,1.559,5.420
4.881,1.358,4.386
0.176,2.258,4.021
1.734,1.601,3.731
1.624,0.558,6.386
-0.401,1.950,4.501
3.040,2.436,-0.302
-0.042,2.343,5.277
3.854,2.088,3.405
-0.033,1.942,2.447
1.426,3.443,3.150
-0.288,3.319,5.216
